STATE,STATENAME,ST_CASE,VE_TOTAL,VE_FORMS,PVH_INVL,PEDS,PERSONS,PERMVIT,PERNOTMVIT,COUNTY,COUNTYNAME,CITY,CITYNAME,DAY,DAYNAME,MONTH,MONTHNAME,YEAR,DAY_WEEK,DAY_WEEKNAME,HOUR,HOURNAME,MINUTE,MINUTENAME,NHS,NHSNAME,ROUTE,ROUTENAME,TWAY_ID,TWAY_ID2,RUR_URB,RUR_URBNAME,FUNC_SYS,FUNC_SYSNAME,RD_OWNER,RD_OWNERNAME,MILEPT,MILEPTNAME,LATITUDE,LATITUDENAME,LONGITUD,LONGITUDNAME,SP_JUR,SP_JURNAME,HARM_EV,HARM_EVNAME,MAN_COLL,MAN_COLLNAME,RELJCT1,RELJCT1NAME,RELJCT2,RELJCT2NAME,TYP_INT,TYP_INTNAME,WRK_ZONE,WRK_ZONENAME,REL_ROAD,REL_ROADNAME,LGT_COND,LGT_CONDNAME,WEATHER1,WEATHER1NAME,WEATHER2,WEATHER2NAME,WEATHER,WEATHERNAME,SCH_BUS,SCH_BUSNAME,RAIL,RAILNAME,NOT_HOUR,NOT_HOURNAME,NOT_MIN,NOT_MINNAME,ARR_HOUR,ARR_HOURNAME,ARR_MIN,ARR_MINNAME,HOSP_HR,HOSP_HRNAME,HOSP_MN,HOSP_MNNAME,CF1,CF1NAME,CF2,CF2NAME,CF3,CF3NAME,FATALS,DRUNK_DR
41,Oregon,410066,1,1,0,1,1,1,1,9,COLUMBIA (9),1710,RAINIER,7,7,4,April,2019,1,Sunday,4,4:00am-4:59am,40,40,1,This section IS ON the NHS,2,U.S. Highway,US-30 ODOT 92,,2,Urban,3,Principal Arterial - Other,1,State Highway Agency,475,475,46.09329722,46.09329722,-122.948325,-122.948325,0,No Special Jurisdiction,8,Pedestrian,0,The First Harmful Event was Not a Collision with a Motor Vehicle in Transport,0,No,1,Non-Junction,1,Not an Intersection,0,,1,On Roadway,2,Dark - Not Lighted,10,Cloudy,0,No Additional Atmospheric Conditions,10,Cloudy,0,No,0000000,Not Applicable,99,Unknown,99,Unknown,99,Unknown EMS Scene Arrival Hour,99,Unknown EMS Scene Arrival Minutes,88,Not Applicable (Not Transported),88,Not Applicable (Not Transported),0,,0,,0,,1,0
41,Oregon,410067,2,2,0,0,5,5,0,45,MALHEUR (45),0,NOT APPLICABLE,17,17,4,April,2019,4,Wednesday,18,6:00pm-6:59pm,17,17,0,This section IS NOT on the NHS,3,State Highway,SR-201 ODOT 455,,1,Rural,4,Minor Arterial,1,State Highway Agency,209,209,44.10442778,44.10442778,-116.9611417,-116.96114167,0,No Special Jurisdiction,12,Motor Vehicle In-Transport,2,Front-to-Front,0,No,1,Non-Junction,1,Not an Intersection,0,,1,On Roadway,1,Daylight,1,Clear,0,No Additional Atmospheric Conditions,1,Clear,0,No,0000000,Not Applicable,18,6:00pm-6:59pm,18,18,18,6:00pm-6:59pm,26,26,99,Unknown,99,Unknown EMS Hospital Arrival Time,0,,0,,0,,1,0
41,Oregon,410068,2,2,0,0,2,2,0,39,LANE (39),0,NOT APPLICABLE,17,17,5,May,2019,6,Friday,10,10:00am-10:59am,22,22,0,This section IS NOT on the NHS,3,State Highway,SR-200 ODOT 200,CR-HIGH PASS RD,1,Rural,6,Minor Collector,1,State Highway Agency,70,70,44.21516944,44.21516944,-123.2865722,-123.28657222,0,No Special Jurisdiction,12,Motor Vehicle In-Transport,6,Angle,0,No,2,Intersection,2,Four-Way Intersection,0,,1,On Roadway,1,Daylight,10,Cloudy,0,No Additional Atmospheric Conditions,10,Cloudy,0,No,0000000,Not Applicable,10,10:00am-10:59am,22,22,10,10:00am-10:59am,32,32,11,11:00am-11:59am,8,8,0,,0,,0,,1,0
41,Oregon,410069,1,1,0,0,1,1,0,11,COOS (11),1198,LAKESIDE,22,22,5,May,2019,4,Wednesday,21,9:00pm-9:59pm,42,42,1,This section IS ON the NHS,2,U.S. Highway,US-101 ODOT 9,,1,Rural,3,Principal Arterial - Other,1,State Highway Agency,2229,2229,43.57838333,43.57838333,-124.1879972,-124.18799722,0,No Special Jurisdiction,1,Rollover/Overturn,0,The First Harmful Event was Not a Collision with a Motor Vehicle in Transport,0,No,1,Non-Junction,1,Not an Intersection,0,,4,On Roadside,2,Dark - Not Lighted,10,Cloudy,0,No Additional Atmospheric Conditions,10,Cloudy,0,No,0000000,Not Applicable,21,9:00pm-9:59pm,45,45,21,9:00pm-9:59pm,58,58,88,Not Applicable (Not Transported),88,Not Applicable (Not Transported),0,,0,,0,,1,0
41,Oregon,410070,1,1,0,1,2,2,1,67,WASHINGTON (67),2065,TIGARD,4,4,6,June,2019,3,Tuesday,20,8:00pm-8:59pm,27,27,1,This section IS ON the NHS,3,State Highway,SR-99W ODOT 91,,2,Urban,3,Principal Arterial - Other,1,State Highway Agency,102,102,45.41706944,45.41706944,-122.7887833,-122.78878333,0,No Special Jurisdiction,9,Pedalcyclist,0,The First Harmful Event was Not a Collision with a Motor Vehicle in Transport,0,No,1,Non-Junction,1,Not an Intersection,0,,1,On Roadway,1,Daylight,1,Clear,0,No Additional Atmospheric Conditions,1,Clear,0,No,0000000,Not Applicable,20,8:00pm-8:59pm,27,27,20,8:00pm-8:59pm,32,32,88,Not Applicable (Not Transported),88,Not Applicable (Not Transported),0,,0,,0,,1,0
41,Oregon,410071,1,1,0,0,2,2,0,41,LINCOLN (41),0,NOT APPLICABLE,29,29,5,May,2019,4,Wednesday,20,8:00pm-8:59pm,18,18,1,This section IS ON the NHS,2,U.S. Highway,US-101 ODOT 9,,2,Urban,3,Principal Arterial - Other,1,State Highway Agency,1480,1480,44.53244722,44.53244722,-124.0747278,-124.07472778,0,No Special Jurisdiction,42,Tree (Standing Only),0,The First Harmful Event was Not a Collision with a Motor Vehicle in Transport,0,No,1,Non-Junction,1,Not an Intersection,0,,4,On Roadside,1,Daylight,1,Clear,0,No Additional Atmospheric Conditions,1,Clear,0,No,0000000,Not Applicable,20,8:00pm-8:59pm,16,16,20,8:00pm-8:59pm,19,19,88,Not Applicable (Not Transported),88,Not Applicable (Not Transported),0,,0,,0,,1,0
41,Oregon,410072,2,2,0,0,4,4,0,51,MULTNOMAH (51),0,NOT APPLICABLE,29,29,5,May,2019,4,Wednesday,17,5:00pm-5:59pm,0,0,0,This section IS NOT on the NHS,4,County Road,CR-SE STARK ST,,2,Urban,4,Minor Arterial,2,County Highway Agency,0,,45.50964722,45.50964722,-122.3654111,-122.36541111,0,No Special Jurisdiction,12,Motor Vehicle In-Transport,2,Front-to-Front,0,No,1,Non-Junction,1,Not an Intersection,0,,1,On Roadway,1,Daylight,1,Clear,0,No Additional Atmospheric Conditions,1,Clear,0,No,0000000,Not Applicable,99,Unknown,99,Unknown,99,Unknown EMS Scene Arrival Hour,99,Unknown EMS Scene Arrival Minutes,99,Unknown,99,Unknown EMS Hospital Arrival Time,0,,0,,0,,1,1
41,Oregon,410073,3,3,0,0,4,4,0,39,LANE (39),0,NOT APPLICABLE,18,18,5,May,2019,7,Saturday,15,3:00pm-3:59pm,36,36,1,This section IS ON the NHS,3,State Highway,SR-126 ODOT 62,,2,Urban,3,Principal Arterial - Other,1,State Highway Agency,494,494,44.05266944,44.05266944,-123.2983,-123.2983,0,No Special Jurisdiction,12,Motor Vehicle In-Transport,1,Front-to-Rear,0,No,1,Non-Junction,1,Not an Intersection,0,,1,On Roadway,1,Daylight,1,Clear,0,No Additional Atmospheric Conditions,1,Clear,0,No,0000000,Not Applicable,15,3:00pm-3:59pm,36,36,15,3:00pm-3:59pm,39,39,16,4:00pm-4:59pm,32,32,0,,0,,0,,2,0
41,Oregon,410074,1,1,0,0,1,1,0,7,CLATSOP (7),0,NOT APPLICABLE,28,28,4,April,2019,1,Sunday,22,10:00pm-10:59pm,40,40,1,This section IS ON the NHS,2,U.S. Highway,US-26 ODOT 47,,1,Rural,3,Principal Arterial - Other,1,State Highway Agency,73,73,45.90931667,45.90931667,-123.8226472,-123.82264722,0,No Special Jurisdiction,30,Utility Pole/Light Support,0,The First Harmful Event was Not a Collision with a Motor Vehicle in Transport,0,No,1,Non-Junction,1,Not an Intersection,0,,4,On Roadside,2,Dark - Not Lighted,10,Cloudy,0,No Additional Atmospheric Conditions,10,Cloudy,0,No,0000000,Not Applicable,22,10:00pm-10:59pm,44,44,22,10:00pm-10:59pm,48,48,88,Not Applicable (Not Transported),88,Not Applicable (Not Transported),0,,0,,0,,1,1
41,Oregon,410075,1,1,0,0,1,1,0,5,CLACKAMAS (5),0,NOT APPLICABLE,17,17,5,May,2019,6,Friday,99,Unknown Hours,99,Unknown Minutes,1,This section IS ON the NHS,2,U.S. Highway,US-26 ODOT 26,,1,Rural,3,Principal Arterial - Other,1,State Highway Agency,575,575,45.28409722,45.28409722,-121.7129361,-121.71293611,0,No Special Jurisdiction,1,Rollover/Overturn,0,The First Harmful Event was Not a Collision with a Motor Vehicle in Transport,0,No,1,Non-Junction,1,Not an Intersection,0,,4,On Roadside,1,Daylight,10,Cloudy,0,No Additional Atmospheric Conditions,10,Cloudy,0,No,0000000,Not Applicable,14,2:00pm-2:59pm,20,20,14,2:00pm-2:59pm,40,40,88,Not Applicable (Not Transported),88,Not Applicable (Not Transported),0,,0,,0,,1,0
41,Oregon,410076,2,2,0,0,5,5,0,47,MARION (47),1810,SALEM,2,2,6,June,2019,1,Sunday,23,11:00pm-11:59pm,27,27,1,This section IS ON the NHS,3,State Highway,SR-99E ODOT 72,CHERRY AVE NE,2,Urban,2,Principal Arterial - Other Freeways and Expressways,1,State Highway Agency,26,26,44.97290556,44.97290556,-123.0209944,-123.02099444,0,No Special Jurisdiction,12,Motor Vehicle In-Transport,6,Angle,0,No,2,Intersection,2,Four-Way Intersection,0,,1,On Roadway,3,Dark - Lighted,1,Clear,0,No Additional Atmospheric Conditions,1,Clear,0,No,0000000,Not Applicable,23,11:00pm-11:59pm,27,27,23,11:00pm-11:59pm,35,35,99,Unknown,99,Unknown EMS Hospital Arrival Time,0,,0,,0,,3,2
41,Oregon,410077,1,1,0,0,1,1,0,5,CLACKAMAS (5),0,NOT APPLICABLE,2,2,6,June,2019,1,Sunday,14,2:00pm-2:59pm,55,55,0,This section IS NOT on the NHS,3,State Highway,SR-224 ODOT 171,,1,Rural,5,Major Collector,1,State Highway Agency,374,374,45.17931389,45.17931389,-122.1669722,-122.16697222,0,No Special Jurisdiction,17,Boulder,0,The First Harmful Event was Not a Collision with a Motor Vehicle in Transport,0,No,1,Non-Junction,1,Not an Intersection,0,,4,On Roadside,1,Daylight,1,Clear,0,No Additional Atmospheric Conditions,1,Clear,0,No,0000000,Not Applicable,14,2:00pm-2:59pm,57,57,13,1:00pm-1:59pm,25,25,88,Not Applicable (Not Transported),88,Not Applicable (Not Transported),0,,0,,0,,1,0
41,Oregon,410078,1,1,0,1,1,1,1,39,LANE (39),660,EUGENE,22,22,5,May,2019,4,Wednesday,23,11:00pm-11:59pm,52,52,1,This section IS ON the NHS,1,Interstate,I-105,,2,Urban,1,Interstate,1,State Highway Agency,17,17,44.06122778,44.06122778,-123.0845583,-123.08455833,0,No Special Jurisdiction,8,Pedestrian,0,The First Harmful Event was Not a Collision with a Motor Vehicle in Transport,0,No,1,Non-Junction,1,Not an Intersection,0,,1,On Roadway,2,Dark - Not Lighted,10,Cloudy,0,No Additional Atmospheric Conditions,10,Cloudy,0,No,0000000,Not Applicable,23,11:00pm-11:59pm,52,52,23,11:00pm-11:59pm,55,55,88,Not Applicable (Not Transported),88,Not Applicable (Not Transported),0,,0,,0,,1,0
41,Oregon,410079,2,2,0,0,2,2,0,7,CLATSOP (7),0,NOT APPLICABLE,3,3,6,June,2019,2,Monday,21,9:00pm-9:59pm,33,33,1,This section IS ON the NHS,2,U.S. Highway,US-26 ODOT 47,,1,Rural,3,Principal Arterial - Other,1,State Highway Agency,222,222,45.84921944,45.84921944,-123.5323917,-123.53239167,0,No Special Jurisdiction,12,Motor Vehicle In-Transport,2,Front-to-Front,0,No,8,Driveway Access Related,1,Not an Intersection,0,,1,On Roadway,5,Dusk,1,Clear,0,No Additional Atmospheric Conditions,1,Clear,0,No,0000000,Not Applicable,21,9:00pm-9:59pm,34,34,21,9:00pm-9:59pm,35,35,99,Unknown,99,Unknown EMS Hospital Arrival Time,0,,0,,0,,1,0
41,Oregon,410080,1,1,0,0,3,3,0,41,LINCOLN (41),0,NOT APPLICABLE,15,15,6,June,2019,7,Saturday,2,2:00am-2:59am,48,48,0,This section IS NOT on the NHS,4,County Road,CR-1000 LINE RD,,1,Rural,7,Local,2,County Highway Agency,14,14,44.58822778,44.58822778,-123.9397306,-123.93973056,0,No Special Jurisdiction,1,Rollover/Overturn,0,The First Harmful Event was Not a Collision with a Motor Vehicle in Transport,0,No,1,Non-Junction,1,Not an Intersection,0,,4,On Roadside,2,Dark - Not Lighted,1,Clear,0,No Additional Atmospheric Conditions,1,Clear,0,No,0000000,Not Applicable,2,2:00am-2:59am,52,52,3,3:00am-3:59am,10,10,99,Unknown,99,Unknown EMS Hospital Arrival Time,0,,0,,0,,1,1
41,Oregon,410081,1,1,0,0,2,2,0,51,MULTNOMAH (51),1650,PORTLAND,13,13,6,June,2019,5,Thursday,20,8:00pm-8:59pm,39,39,1,This section IS ON the NHS,1,Interstate,I-405,,2,Urban,1,Interstate,1,State Highway Agency,12,12,45.51789444,45.51789444,-122.6872694,-122.68726944,0,No Special Jurisdiction,1,Rollover/Overturn,0,The First Harmful Event was Not a Collision with a Motor Vehicle in Transport,1,Yes,18,Through Roadway,1,Not an Intersection,0,,1,On Roadway,3,Dark - Lighted,1,Clear,0,No Additional Atmospheric Conditions,1,Clear,0,No,0000000,Not Applicable,20,8:00pm-8:59pm,40,40,20,8:00pm-8:59pm,43,43,88,Not Applicable (Not Transported),88,Not Applicable (Not Transported),0,,0,,0,,2,0
41,Oregon,410082,3,3,0,0,3,3,0,47,MARION (47),0,NOT APPLICABLE,28,28,3,March,2019,5,Thursday,12,12:00pm-12:59pm,57,57,1,This section IS ON the NHS,4,County Road,CR-SILVERTON RD NE,,1,Rural,3,Principal Arterial - Other,2,County Highway Agency,11,11,44.99144444,44.99144444,-122.8600389,-122.86003889,0,No Special Jurisdiction,12,Motor Vehicle In-Transport,1,Front-to-Rear,0,No,1,Non-Junction,1,Not an Intersection,0,,1,On Roadway,1,Daylight,1,Clear,0,No Additional Atmospheric Conditions,1,Clear,0,No,0000000,Not Applicable,13,1:00pm-1:59pm,3,3,13,1:00pm-1:59pm,5,5,99,Unknown,99,Unknown EMS Hospital Arrival Time,0,,0,,0,,1,0
41,Oregon,410083,1,1,0,0,2,2,0,47,MARION (47),0,NOT APPLICABLE,13,13,4,April,2019,7,Saturday,2,2:00am-2:59am,53,53,0,This section IS NOT on the NHS,4,County Road,CR-HAZELGREEN RD NE,,1,Rural,4,Minor Arterial,2,County Highway Agency,46,46,45.01109444,45.01109444,-122.8969333,-122.89693333,0,No Special Jurisdiction,30,Utility Pole/Light Support,0,The First Harmful Event was Not a Collision with a Motor Vehicle in Transport,0,No,1,Non-Junction,1,Not an Intersection,0,,4,On Roadside,2,Dark - Not Lighted,1,Clear,0,No Additional Atmospheric Conditions,1,Clear,0,No,0000000,Not Applicable,2,2:00am-2:59am,53,53,3,3:00am-3:59am,2,2,88,Not Applicable (Not Transported),88,Not Applicable (Not Transported),0,,0,,0,,2,0
41,Oregon,410084,1,1,0,0,2,2,0,19,DOUGLAS (19),0,NOT APPLICABLE,5,5,5,May,2019,1,Sunday,13,1:00pm-1:59pm,0,0,1,This section IS ON the NHS,3,State Highway,SR-138 ODOT 138,,1,Rural,3,Principal Arterial - Other,1,State Highway Agency,199,199,43.31144444,43.31144444,-123.070325,-123.070325,0,No Special Jurisdiction,42,Tree (Standing Only),0,The First Harmful Event was Not a Collision with a Motor Vehicle in Transport,0,No,1,Non-Junction,1,Not an Intersection,0,,4,On Roadside,1,Daylight,1,Clear,0,No Additional Atmospheric Conditions,1,Clear,0,No,0000000,Not Applicable,13,1:00pm-1:59pm,0,0,13,1:00pm-1:59pm,9,9,88,Not Applicable (Not Transported),88,Not Applicable (Not Transported),0,,0,,0,,2,0
41,Oregon,410085,1,1,0,0,1,1,0,63,WALLOWA (63),0,NOT APPLICABLE,21,21,5,May,2019,3,Tuesday,12,12:00pm-12:59pm,37,37,0,This section IS NOT on the NHS,4,County Road,CR-CROW CREEK RD A,CR-ELK MTN RD,1,Rural,5,Major Collector,2,County Highway Agency,11,11,45.41116667,45.41116667,-117.2252222,-117.22522222,0,No Special Jurisdiction,34,Ditch,0,The First Harmful Event was Not a Collision with a Motor Vehicle in Transport,0,No,3,Intersection-Related,2,Four-Way Intersection,0,,4,On Roadside,1,Daylight,98,Not Reported,0,No Additional Atmospheric Conditions,98,Not Reported,0,No,0000000,Not Applicable,12,12:00pm-12:59pm,35,35,12,12:00pm-12:59pm,43,43,13,1:00pm-1:59pm,3,3,0,,0,,0,,1,0
41,Oregon,410086,1,1,0,0,1,1,0,59,UMATILLA (59),0,NOT APPLICABLE,28,28,5,May,2019,3,Tuesday,99,Unknown Hours,99,Unknown Minutes,0,This section IS NOT on the NHS,4,County Road,CR-MILL RD,,1,Rural,7,Local,2,County Highway Agency,4,4,45.53831111,45.53831111,-118.8487417,-118.84874167,0,No Special Jurisdiction,35,Embankment,0,The First Harmful Event was Not a Collision with a Motor Vehicle in Transport,0,No,1,Non-Junction,1,Not an Intersection,0,,4,On Roadside,9,Reported as Unknown,1,Clear,0,No Additional Atmospheric Conditions,1,Clear,0,No,0000000,Not Applicable,99,Unknown,99,Unknown,99,Unknown EMS Scene Arrival Hour,99,Unknown EMS Scene Arrival Minutes,88,Not Applicable (Not Transported),88,Not Applicable (Not Transported),22,Speed Limit is a Statutory Limit as Recorded or was determined as this state`s `basic rule`,0,,0,,1,0
41,Oregon,410087,1,1,0,0,1,1,0,37,LAKE (37),0,NOT APPLICABLE,1,1,6,June,2019,7,Saturday,22,10:00pm-10:59pm,45,45,0,This section IS NOT on the NHS,4,County Road,CR-FORT ROCK RD,,1,Rural,5,Major Collector,2,County Highway Agency,215,215,43.25021389,43.25021389,-120.91815,-120.91815,0,No Special Jurisdiction,30,Utility Pole/Light Support,0,The First Harmful Event was Not a Collision with a Motor Vehicle in Transport,0,No,1,Non-Junction,1,Not an Intersection,0,,4,On Roadside,2,Dark - Not Lighted,1,Clear,0,No Additional Atmospheric Conditions,1,Clear,0,No,0000000,Not Applicable,99,Unknown,98,Unknown if Notified,99,Unknown EMS Scene Arrival Hour,98,Unknown if Arrived,88,Not Applicable (Not Transported),88,Not Applicable (Not Transported),0,,0,,0,,1,0
41,Oregon,410088,2,2,0,0,2,2,0,51,MULTNOMAH (51),1650,PORTLAND,21,21,6,June,2019,6,Friday,19,7:00pm-7:59pm,38,38,1,This section IS ON the NHS,1,Interstate,I-84,,2,Urban,1,Interstate,1,State Highway Agency,114,114,45.5464,45.5464,-122.5373861,-122.53738611,0,No Special Jurisdiction,12,Motor Vehicle In-Transport,1,Front-to-Rear,0,No,1,Non-Junction,1,Not an Intersection,0,,1,On Roadway,5,Dusk,1,Clear,0,No Additional Atmospheric Conditions,1,Clear,0,No,0000000,Not Applicable,99,Unknown,99,Unknown,99,Unknown EMS Scene Arrival Hour,99,Unknown EMS Scene Arrival Minutes,88,Not Applicable (Not Transported),88,Not Applicable (Not Transported),0,,0,,0,,1,0
41,Oregon,410089,2,2,0,0,2,2,0,37,LAKE (37),0,NOT APPLICABLE,15,15,6,June,2019,7,Saturday,18,6:00pm-6:59pm,46,46,1,This section IS ON the NHS,2,U.S. Highway,US-395 ODOT 19,,1,Rural,3,Principal Arterial - Other,1,State Highway Agency,1357,1357,42.29306944,42.29306944,-120.3469472,-120.34694722,0,No Special Jurisdiction,12,Motor Vehicle In-Transport,2,Front-to-Front,0,No,1,Non-Junction,1,Not an Intersection,0,,1,On Roadway,1,Daylight,1,Clear,0,No Additional Atmospheric Conditions,1,Clear,0,No,0000000,Not Applicable,18,6:00pm-6:59pm,46,46,19,7:00pm-7:59pm,0,0,19,7:00pm-7:59pm,24,24,0,,0,,0,,1,0
41,Oregon,410090,2,2,0,0,3,3,0,47,MARION (47),0,NOT APPLICABLE,16,16,6,June,2019,1,Sunday,13,1:00pm-1:59pm,15,15,1,This section IS ON the NHS,6,Local Street - Municipality,CR-MCKAY RD NE,,1,Rural,3,Principal Arterial - Other,4,City or Municipal Highway Agency,13,13,45.22884444,45.22884444,-122.8803556,-122.88035556,0,No Special Jurisdiction,12,Motor Vehicle In-Transport,2,Front-to-Front,0,No,1,Non-Junction,1,Not an Intersection,0,,1,On Roadway,1,Daylight,1,Clear,0,No Additional Atmospheric Conditions,1,Clear,0,No,0000000,Not Applicable,13,1:00pm-1:59pm,15,15,13,1:00pm-1:59pm,22,22,14,2:00pm-2:59pm,3,3,0,,0,,0,,2,1
41,Oregon,410091,1,1,0,0,1,1,0,69,WHEELER (69),0,NOT APPLICABLE,27,27,6,June,2019,5,Thursday,99,Unknown Hours,99,Unknown Minutes,1,This section IS ON the NHS,2,U.S. Highway,US-26 ODOT 41,,1,Rural,3,Principal Arterial - Other,1,State Highway Agency,840,840,44.5512,44.5512,-119.8612278,-119.86122778,0,No Special Jurisdiction,1,Rollover/Overturn,0,The First Harmful Event was Not a Collision with a Motor Vehicle in Transport,0,No,1,Non-Junction,1,Not an Intersection,0,,5,Outside Trafficway,2,Dark - Not Lighted,2,Rain,0,No Additional Atmospheric Conditions,2,Rain,0,No,0000000,Not Applicable,99,Unknown,99,Unknown,99,Unknown EMS Scene Arrival Hour,99,Unknown EMS Scene Arrival Minutes,88,Not Applicable (Not Transported),88,Not Applicable (Not Transported),0,,0,,0,,1,0
41,Oregon,410092,1,1,0,0,1,1,0,43,LINN (43),0,NOT APPLICABLE,5,5,6,June,2019,4,Wednesday,20,8:00pm-8:59pm,30,30,0,This section IS NOT on the NHS,4,County Road,CR-ROGERS MOUNTAIN LP,,1,Rural,7,Local,2,County Highway Agency,7,7,44.70074167,44.70074167,-122.7937889,-122.79378889,0,No Special Jurisdiction,42,Tree (Standing Only),0,The First Harmful Event was Not a Collision with a Motor Vehicle in Transport,0,No,1,Non-Junction,1,Not an Intersection,0,,4,On Roadside,1,Daylight,1,Clear,0,No Additional Atmospheric Conditions,1,Clear,0,No,0000000,Not Applicable,20,8:00pm-8:59pm,30,30,20,8:00pm-8:59pm,38,38,88,Not Applicable (Not Transported),88,Not Applicable (Not Transported),0,,0,,0,,1,1
41,Oregon,410093,2,2,0,0,2,2,0,51,MULTNOMAH (51),880,GRESHAM,12,12,6,June,2019,4,Wednesday,15,3:00pm-3:59pm,33,33,1,This section IS ON the NHS,6,Local Street - Municipality,NE BURNSIDE RD,,2,Urban,3,Principal Arterial - Other,4,City or Municipal Highway Agency,0,,45.49969167,45.49969167,-122.4117167,-122.41171667,0,No Special Jurisdiction,12,Motor Vehicle In-Transport,6,Angle,0,No,8,Driveway Access Related,1,Not an Intersection,0,,1,On Roadway,1,Daylight,1,Clear,0,No Additional Atmospheric Conditions,1,Clear,0,No,0000000,Not Applicable,15,3:00pm-3:59pm,42,42,15,3:00pm-3:59pm,46,46,88,Not Applicable (Not Transported),88,Not Applicable (Not Transported),0,,0,,0,,1,0
41,Oregon,410094,1,1,0,1,1,1,1,5,CLACKAMAS (5),1830,SANDY,3,3,3,March,2019,1,Sunday,2,2:00am-2:59am,12,12,1,This section IS ON the NHS,3,State Highway,SR- 26 ODOT 26,,2,Urban,3,Principal Arterial - Other,1,State Highway Agency,224,224,45.40574722,45.40574722,-122.293875,-122.293875,0,No Special Jurisdiction,8,Pedestrian,0,The First Harmful Event was Not a Collision with a Motor Vehicle in Transport,0,No,1,Non-Junction,1,Not an Intersection,0,,1,On Roadway,2,Dark - Not Lighted,1,Clear,0,No Additional Atmospheric Conditions,1,Clear,0,No,0000000,Not Applicable,99,Unknown,99,Unknown,99,Unknown EMS Scene Arrival Hour,99,Unknown EMS Scene Arrival Minutes,88,Not Applicable (Not Transported),88,Not Applicable (Not Transported),0,,0,,0,,1,0
41,Oregon,410095,1,1,0,1,1,1,1,51,MULTNOMAH (51),1650,PORTLAND,4,4,1,January,2019,6,Friday,7,7:00am-7:59am,6,6,0,This section IS NOT on the NHS,6,Local Street - Municipality,SW PARK AVE,,2,Urban,5,Major Collector,4,City or Municipal Highway Agency,0,,45.51759444,45.51759444,-122.6816444,-122.68164444,0,No Special Jurisdiction,8,Pedestrian,0,The First Harmful Event was Not a Collision with a Motor Vehicle in Transport,0,No,1,Non-Junction,1,Not an Intersection,0,,1,On Roadway,3,Dark - Lighted,10,Cloudy,0,No Additional Atmospheric Conditions,10,Cloudy,0,No,0000000,Not Applicable,7,7:00am-7:59am,6,6,7,7:00am-7:59am,11,11,7,7:00am-7:59am,24,24,0,,0,,0,,1,0
41,Oregon,410096,1,1,0,1,1,1,1,51,MULTNOMAH (51),1650,PORTLAND,5,5,1,January,2019,7,Saturday,14,2:00pm-2:59pm,50,50,0,This section IS NOT on the NHS,6,Local Street - Municipality,NE AIRPORT WAY,,2,Urban,4,Minor Arterial,4,City or Municipal Highway Agency,0,,45.55319722,45.55319722,-122.4877083,-122.48770833,0,No Special Jurisdiction,8,Pedestrian,0,The First Harmful Event was Not a Collision with a Motor Vehicle in Transport,0,No,1,Non-Junction,1,Not an Intersection,0,,4,On Roadside,1,Daylight,10,Cloudy,0,No Additional Atmospheric Conditions,10,Cloudy,0,No,0000000,Not Applicable,99,Unknown,99,Unknown,99,Unknown EMS Scene Arrival Hour,99,Unknown EMS Scene Arrival Minutes,88,Not Applicable (Not Transported),88,Not Applicable (Not Transported),0,,0,,0,,1,0
41,Oregon,410097,1,1,0,0,1,1,0,47,MARION (47),0,NOT APPLICABLE,2,2,2,February,2019,7,Saturday,18,6:00pm-6:59pm,21,21,0,This section IS NOT on the NHS,4,County Road,CR-CHAMPOEG RD NE,,1,Rural,6,Minor Collector,2,County Highway Agency,28,28,45.24766944,45.24766944,-122.8884806,-122.88848056,0,No Special Jurisdiction,42,Tree (Standing Only),0,The First Harmful Event was Not a Collision with a Motor Vehicle in Transport,0,No,1,Non-Junction,1,Not an Intersection,0,,4,On Roadside,2,Dark - Not Lighted,1,Clear,0,No Additional Atmospheric Conditions,1,Clear,0,No,0000000,Not Applicable,18,6:00pm-6:59pm,21,21,18,6:00pm-6:59pm,25,25,88,Not Applicable (Not Transported),88,Not Applicable (Not Transported),0,,0,,0,,1,1
41,Oregon,410098,2,2,0,0,4,4,0,11,COOS (11),0,NOT APPLICABLE,4,4,2,February,2019,2,Monday,9,9:00am-9:59am,41,41,1,This section IS ON the NHS,2,U.S. Highway,US-101 ODOT 9,,1,Rural,3,Principal Arterial - Other,1,State Highway Agency,2308,2308,43.47508889,43.47508889,-124.2240889,-124.22408889,0,No Special Jurisdiction,12,Motor Vehicle In-Transport,6,Angle,0,No,1,Non-Junction,1,Not an Intersection,0,,1,On Roadway,1,Daylight,4,Snow,0,No Additional Atmospheric Conditions,4,Snow,0,No,0000000,Not Applicable,9,9:00am-9:59am,41,41,9,9:00am-9:59am,44,44,10,10:00am-10:59am,17,17,0,,0,,0,,2,0