STATE,STATENAME,ST_CASE,VE_TOTAL,VE_FORMS,PVH_INVL,PEDS,PERSONS,PERMVIT,PERNOTMVIT,COUNTY,COUNTYNAME,CITY,CITYNAME,DAY,DAYNAME,MONTH,MONTHNAME,YEAR,DAY_WEEK,DAY_WEEKNAME,HOUR,HOURNAME,MINUTE,MINUTENAME,NHS,NHSNAME,ROUTE,ROUTENAME,TWAY_ID,TWAY_ID2,RUR_URB,RUR_URBNAME,FUNC_SYS,FUNC_SYSNAME,RD_OWNER,RD_OWNERNAME,MILEPT,MILEPTNAME,LATITUDE,LATITUDENAME,LONGITUD,LONGITUDNAME,SP_JUR,SP_JURNAME,HARM_EV,HARM_EVNAME,MAN_COLL,MAN_COLLNAME,RELJCT1,RELJCT1NAME,RELJCT2,RELJCT2NAME,TYP_INT,TYP_INTNAME,WRK_ZONE,WRK_ZONENAME,REL_ROAD,REL_ROADNAME,LGT_COND,LGT_CONDNAME,WEATHER1,WEATHER1NAME,WEATHER2,WEATHER2NAME,WEATHER,WEATHERNAME,SCH_BUS,SCH_BUSNAME,RAIL,RAILNAME,NOT_HOUR,NOT_HOURNAME,NOT_MIN,NOT_MINNAME,ARR_HOUR,ARR_HOURNAME,ARR_MIN,ARR_MINNAME,HOSP_HR,HOSP_HRNAME,HOSP_MN,HOSP_MNNAME,CF1,CF1NAME,CF2,CF2NAME,CF3,CF3NAME,FATALS,DRUNK_DR
41,Oregon,410202,5,5,0,0,7,7,0,67,WASHINGTON (67),0,NOT APPLICABLE,15,15,8,August,2019,5,Thursday,9,9:00am-9:59am,56,56,1,This section IS ON the NHS,2,U.S. Highway,US-26 ODOT 47,,2,Urban,3,Principal Arterial - Other,1,State Highway Agency,608,608,45.56318611,45.56318611,-122.9244361,-122.92443611,0,No Special Jurisdiction,12,Motor Vehicle In-Transport,1,Front-to-Rear,0,No,1,Non-Junction,1,Not an Intersection,0,,1,On Roadway,1,Daylight,10,Cloudy,0,No Additional Atmospheric Conditions,10,Cloudy,0,No,0000000,Not Applicable,9,9:00am-9:59am,55,55,10,10:00am-10:59am,2,2,88,Not Applicable (Not Transported),88,Not Applicable (Not Transported),0,,0,,0,,1,0
41,Oregon,410203,2,2,0,0,2,2,0,33,JOSEPHINE (33),0,NOT APPLICABLE,15,15,8,August,2019,5,Thursday,16,4:00pm-4:59pm,20,20,1,This section IS ON the NHS,2,U.S. Highway,US-199 ODOT 25,,1,Rural,3,Principal Arterial - Other,1,State Highway Agency,387,387,42.04081111,42.04081111,-123.7209028,-123.72090278,0,No Special Jurisdiction,12,Motor Vehicle In-Transport,2,Front-to-Front,0,No,1,Non-Junction,1,Not an Intersection,0,,1,On Roadway,1,Daylight,1,Clear,0,No Additional Atmospheric Conditions,1,Clear,0,No,0000000,Not Applicable,16,4:00pm-4:59pm,20,20,16,4:00pm-4:59pm,30,30,18,6:00pm-6:59pm,4,4,0,,0,,0,,1,1
41,Oregon,410204,2,2,0,0,3,3,0,47,MARION (47),0,NOT APPLICABLE,15,15,8,August,2019,5,Thursday,17,5:00pm-5:59pm,26,26,0,This section IS NOT on the NHS,4,County Road,CR-FS46,,1,Rural,5,Major Collector,2,County Highway Agency,54,54,44.77839722,44.77839722,-122.0630333,-122.06303333,1,National Park Service,12,Motor Vehicle In-Transport,6,Angle,0,No,1,Non-Junction,1,Not an Intersection,0,,1,On Roadway,1,Daylight,1,Clear,0,No Additional Atmospheric Conditions,1,Clear,0,No,0000000,Not Applicable,17,5:00pm-5:59pm,26,26,17,5:00pm-5:59pm,40,40,88,Not Applicable (Not Transported),88,Not Applicable (Not Transported),0,,0,,0,,1,0
41,Oregon,410205,2,2,0,0,2,2,0,51,MULTNOMAH (51),1650,PORTLAND,16,16,8,August,2019,6,Friday,23,11:00pm-11:59pm,0,0,0,This section IS NOT on the NHS,6,Local Street - Municipality,NE 122ND AVE,NE STANTON ST,2,Urban,4,Minor Arterial,4,City or Municipal Highway Agency,0,,45.54272778,45.54272778,-122.537475,-122.537475,0,No Special Jurisdiction,12,Motor Vehicle In-Transport,6,Angle,0,No,2,Intersection,2,Four-Way Intersection,0,,1,On Roadway,3,Dark - Lighted,10,Cloudy,0,No Additional Atmospheric Conditions,10,Cloudy,0,No,0000000,Not Applicable,99,Unknown,99,Unknown,99,Unknown EMS Scene Arrival Hour,99,Unknown EMS Scene Arrival Minutes,88,Not Applicable (Not Transported),88,Not Applicable (Not Transported),0,,0,,0,,1,1
41,Oregon,410206,2,2,0,0,3,3,0,5,CLACKAMAS (5),0,NOT APPLICABLE,21,21,8,August,2019,4,Wednesday,20,8:00pm-8:59pm,35,35,0,This section IS NOT on the NHS,3,State Highway,SR-224 ODOT 171,,1,Rural,4,Minor Arterial,1,State Highway Agency,125,125,45.385575,45.385575,-122.4446222,-122.44462222,0,No Special Jurisdiction,12,Motor Vehicle In-Transport,2,Front-to-Front,0,No,1,Non-Junction,1,Not an Intersection,0,,1,On Roadway,2,Dark - Not Lighted,2,Rain,0,No Additional Atmospheric Conditions,2,Rain,0,No,0000000,Not Applicable,20,8:00pm-8:59pm,35,35,20,8:00pm-8:59pm,43,43,99,Unknown,99,Unknown EMS Hospital Arrival Time,0,,0,,0,,1,0
41,Oregon,410207,1,1,0,0,1,1,0,51,MULTNOMAH (51),1650,PORTLAND,21,21,8,August,2019,4,Wednesday,20,8:00pm-8:59pm,37,37,1,This section IS ON the NHS,1,Interstate,I-5,,2,Urban,1,Interstate,1,State Highway Agency,2940,2940,45.44348333,45.44348333,-122.7399222,-122.73992222,0,No Special Jurisdiction,51,Jackknife (harmful to this vehicle),0,The First Harmful Event was Not a Collision with a Motor Vehicle in Transport,0,No,1,Non-Junction,1,Not an Intersection,0,,4,On Roadside,3,Dark - Lighted,2,Rain,0,No Additional Atmospheric Conditions,2,Rain,0,No,0000000,Not Applicable,99,Unknown,99,Unknown,99,Unknown EMS Scene Arrival Hour,99,Unknown EMS Scene Arrival Minutes,88,Not Applicable (Not Transported),88,Not Applicable (Not Transported),0,,0,,0,,1,0
41,Oregon,410208,1,1,0,0,1,1,0,65,WASCO (65),0,NOT APPLICABLE,26,26,8,August,2019,2,Monday,6,6:00am-6:59am,30,30,0,This section IS NOT on the NHS,3,State Highway,SR-216 ODOT 44,,1,Rural,5,Major Collector,1,State Highway Agency,98,98,45.10825278,45.10825278,-121.3891417,-121.38914167,0,No Special Jurisdiction,42,Tree (Standing Only),0,The First Harmful Event was Not a Collision with a Motor Vehicle in Transport,0,No,1,Non-Junction,1,Not an Intersection,0,,4,On Roadside,4,Dawn,1,Clear,0,No Additional Atmospheric Conditions,1,Clear,0,No,0000000,Not Applicable,6,6:00am-6:59am,38,38,6,6:00am-6:59am,53,53,88,Not Applicable (Not Transported),88,Not Applicable (Not Transported),0,,0,,0,,1,0
41,Oregon,410209,2,2,0,0,2,2,0,47,MARION (47),1810,SALEM,22,22,8,August,2019,5,Thursday,7,7:00am-7:59am,6,6,0,This section IS NOT on the NHS,6,Local Street - Municipality,MCGILCHRIST ST SE,19TH ST SE,2,Urban,4,Minor Arterial,4,City or Municipal Highway Agency,0,,44.91669722,44.91669722,-123.0210833,-123.02108333,0,No Special Jurisdiction,12,Motor Vehicle In-Transport,6,Angle,0,No,2,Intersection,3,T-Intersection,0,,1,On Roadway,1,Daylight,1,Clear,0,No Additional Atmospheric Conditions,1,Clear,0,No,0000000,Not Applicable,7,7:00am-7:59am,6,6,7,7:00am-7:59am,10,10,99,Unknown,99,Unknown EMS Hospital Arrival Time,0,,0,,0,,1,0
41,Oregon,410210,1,1,0,0,1,1,0,11,COOS (11),0,NOT APPLICABLE,26,26,8,August,2019,2,Monday,15,3:00pm-3:59pm,34,34,0,This section IS NOT on the NHS,4,County Road,CR-EAST BEAVER HILL RD,,1,Rural,5,Major Collector,2,County Highway Agency,0,,43.19901944,43.19901944,-124.2912056,-124.29120556,0,No Special Jurisdiction,35,Embankment,0,The First Harmful Event was Not a Collision with a Motor Vehicle in Transport,0,No,1,Non-Junction,1,Not an Intersection,0,,4,On Roadside,1,Daylight,1,Clear,0,No Additional Atmospheric Conditions,1,Clear,0,No,0000000,Not Applicable,11,11:00am-11:59am,18,18,11,11:00am-11:59am,28,28,88,Not Applicable (Not Transported),88,Not Applicable (Not Transported),0,,0,,0,,1,0
41,Oregon,410211,2,2,0,0,4,4,0,17,DESCHUTES (17),190,BEND,27,27,8,August,2019,3,Tuesday,20,8:00pm-8:59pm,7,7,1,This section IS ON the NHS,6,Local Street - Municipality,REED MARKET RD,AMERICAN LN,2,Urban,3,Principal Arterial - Other,4,City or Municipal Highway Agency,0,,44.03708056,44.03708056,-121.2911028,-121.29110278,0,No Special Jurisdiction,12,Motor Vehicle In-Transport,6,Angle,0,No,2,Intersection,2,Four-Way Intersection,0,,1,On Roadway,1,Daylight,1,Clear,0,No Additional Atmospheric Conditions,1,Clear,0,No,0000000,Not Applicable,20,8:00pm-8:59pm,9,9,20,8:00pm-8:59pm,13,13,20,8:00pm-8:59pm,50,50,0,,0,,0,,1,0
41,Oregon,410212,1,1,0,0,1,1,0,5,CLACKAMAS (5),0,NOT APPLICABLE,27,27,8,August,2019,3,Tuesday,5,5:00am-5:59am,1,1,0,This section IS NOT on the NHS,4,County Road,CR-SE VAUGHN RD,,1,Rural,7,Local,2,County Highway Agency,8,8,45.16196389,45.16196389,-122.5674944,-122.56749444,0,No Special Jurisdiction,1,Rollover/Overturn,0,The First Harmful Event was Not a Collision with a Motor Vehicle in Transport,0,No,1,Non-Junction,1,Not an Intersection,0,,4,On Roadside,2,Dark - Not Lighted,1,Clear,0,No Additional Atmospheric Conditions,1,Clear,0,No,0000000,Not Applicable,5,5:00am-5:59am,10,10,5,5:00am-5:59am,33,33,5,5:00am-5:59am,59,59,0,,0,,0,,1,0
41,Oregon,410213,1,1,0,0,1,1,0,33,JOSEPHINE (33),0,NOT APPLICABLE,28,28,8,August,2019,4,Wednesday,17,5:00pm-5:59pm,44,44,1,This section IS ON the NHS,1,Interstate,I-5,,1,Rural,1,Interstate,1,State Highway Agency,702,702,42.61662222,42.61662222,-123.3786028,-123.37860278,0,No Special Jurisdiction,25,Concrete Traffic Barrier,0,The First Harmful Event was Not a Collision with a Motor Vehicle in Transport,0,No,1,Non-Junction,1,Not an Intersection,0,,3,On Median,1,Daylight,10,Cloudy,0,No Additional Atmospheric Conditions,10,Cloudy,0,No,0000000,Not Applicable,17,5:00pm-5:59pm,51,51,18,6:00pm-6:59pm,4,4,88,Not Applicable (Not Transported),88,Not Applicable (Not Transported),0,,0,,0,,1,0
41,Oregon,410214,2,2,0,0,3,3,0,67,WASHINGTON (67),0,NOT APPLICABLE,28,28,8,August,2019,4,Wednesday,18,6:00pm-6:59pm,0,0,1,This section IS ON the NHS,3,State Highway,SR-10 ODOT 142,,2,Urban,3,Principal Arterial - Other,1,State Highway Agency,59,59,45.47054444,45.47054444,-122.8797389,-122.87973889,0,No Special Jurisdiction,33,Curb,0,The First Harmful Event was Not a Collision with a Motor Vehicle in Transport,0,No,1,Non-Junction,1,Not an Intersection,1,Construction,4,On Roadside,1,Daylight,1,Clear,0,No Additional Atmospheric Conditions,1,Clear,0,No,0000000,Not Applicable,18,6:00pm-6:59pm,0,0,18,6:00pm-6:59pm,5,5,88,Not Applicable (Not Transported),88,Not Applicable (Not Transported),0,,0,,0,,2,0
41,Oregon,410215,1,1,0,0,2,2,0,39,LANE (39),1960,SPRINGFIELD,29,29,8,August,2019,5,Thursday,0,0:00am-0:59am,27,27,0,This section IS NOT on the NHS,6,Local Street - Municipality,MARTIN LUTHER KING JR PARKWAY,HARLOW RD,2,Urban,4,Minor Arterial,4,City or Municipal Highway Agency,0,,44.07108056,44.07108056,-123.0291528,-123.02915278,0,No Special Jurisdiction,33,Curb,0,The First Harmful Event was Not a Collision with a Motor Vehicle in Transport,0,No,3,Intersection-Related,6,Roundabout,0,,4,On Roadside,8,Not Reported,10,Cloudy,0,No Additional Atmospheric Conditions,10,Cloudy,0,No,0000000,Not Applicable,0,0:00am-0:59am,29,29,0,0:00am-0:59am,33,33,0,0:00am-0:59am,45,45,0,,0,,0,,1,1
41,Oregon,410216,1,1,0,0,2,2,0,33,JOSEPHINE (33),0,NOT APPLICABLE,26,26,5,May,2019,1,Sunday,19,7:00pm-7:59pm,47,47,0,This section IS NOT on the NHS,4,County Road,CR-DEER CREEK RD,,1,Rural,6,Minor Collector,2,County Highway Agency,5,5,42.27923611,42.27923611,-123.6063583,-123.60635833,0,No Special Jurisdiction,42,Tree (Standing Only),0,The First Harmful Event was Not a Collision with a Motor Vehicle in Transport,0,No,1,Non-Junction,1,Not an Intersection,0,,4,On Roadside,1,Daylight,1,Clear,0,No Additional Atmospheric Conditions,1,Clear,0,No,0000000,Not Applicable,19,7:00pm-7:59pm,47,47,20,8:00pm-8:59pm,3,3,20,8:00pm-8:59pm,41,41,0,,0,,0,,1,1
41,Oregon,410217,2,2,0,0,3,3,0,23,GRANT (23),500,DAYVILLE,20,20,6,June,2019,5,Thursday,13,1:00pm-1:59pm,10,10,1,This section IS ON the NHS,2,U.S. Highway,US-26 ODOT 5,,1,Rural,3,Principal Arterial - Other,1,State Highway Agency,1307,1307,44.4709,44.4709,-119.5375611,-119.53756111,0,No Special Jurisdiction,12,Motor Vehicle In-Transport,2,Front-to-Front,0,No,1,Non-Junction,1,Not an Intersection,0,,1,On Roadway,1,Daylight,10,Cloudy,0,No Additional Atmospheric Conditions,10,Cloudy,0,No,0000000,Not Applicable,13,1:00pm-1:59pm,10,10,13,1:00pm-1:59pm,23,23,99,Unknown,99,Unknown EMS Hospital Arrival Time,0,,0,,0,,1,0
41,Oregon,410218,1,1,0,0,1,1,0,59,UMATILLA (59),1610,PENDLETON,29,29,8,August,2019,5,Thursday,12,12:00pm-12:59pm,4,4,1,This section IS ON the NHS,1,Interstate,I-84,,2,Urban,1,Interstate,1,State Highway Agency,2116,2116,45.66468889,45.66468889,-118.7664722,-118.76647222,0,No Special Jurisdiction,35,Embankment,0,The First Harmful Event was Not a Collision with a Motor Vehicle in Transport,0,No,1,Non-Junction,1,Not an Intersection,0,,3,On Median,1,Daylight,1,Clear,0,No Additional Atmospheric Conditions,1,Clear,0,No,0000000,Not Applicable,12,12:00pm-12:59pm,4,4,12,12:00pm-12:59pm,9,9,88,Not Applicable (Not Transported),88,Not Applicable (Not Transported),0,,0,,0,,1,0
41,Oregon,410220,2,2,0,0,2,2,0,51,MULTNOMAH (51),1650,PORTLAND,30,30,8,August,2019,6,Friday,20,8:00pm-8:59pm,42,42,0,This section IS NOT on the NHS,6,Local Street - Municipality,NE 40TH AVE,NE TILLAMOOK ST,2,Urban,5,Major Collector,4,City or Municipal Highway Agency,0,,45.537775,45.537775,-122.6219528,-122.62195278,0,No Special Jurisdiction,12,Motor Vehicle In-Transport,2,Front-to-Front,0,No,2,Intersection,2,Four-Way Intersection,0,,1,On Roadway,3,Dark - Lighted,1,Clear,0,No Additional Atmospheric Conditions,1,Clear,0,No,0000000,Not Applicable,20,8:00pm-8:59pm,42,42,20,8:00pm-8:59pm,48,48,21,9:00pm-9:59pm,9,9,0,,0,,0,,1,0
41,Oregon,410221,1,1,0,0,5,5,0,25,HARNEY (25),0,NOT APPLICABLE,27,27,8,August,2019,3,Tuesday,4,4:00am-4:59am,10,10,1,This section IS ON the NHS,2,U.S. Highway,US-20 ODOT 7,,1,Rural,3,Principal Arterial - Other,1,State Highway Agency,1340,1340,43.61310833,43.61310833,-119.0247278,-119.02472778,0,No Special Jurisdiction,34,Ditch,0,The First Harmful Event was Not a Collision with a Motor Vehicle in Transport,0,No,1,Non-Junction,1,Not an Intersection,0,,4,On Roadside,2,Dark - Not Lighted,1,Clear,0,No Additional Atmospheric Conditions,1,Clear,0,No,0000000,Not Applicable,4,4:00am-4:59am,10,10,4,4:00am-4:59am,17,17,4,4:00am-4:59am,54,54,0,,0,,0,,1,0
41,Oregon,410222,1,1,0,0,1,1,0,39,LANE (39),0,NOT APPLICABLE,1,1,9,September,2019,1,Sunday,18,6:00pm-6:59pm,11,11,0,This section IS NOT on the NHS,4,County Road,CR-DEBERRY RD,,1,Rural,7,Local,2,County Highway Agency,17,17,43.90848889,43.90848889,-123.0846306,-123.08463056,0,No Special Jurisdiction,58,Ground,0,The First Harmful Event was Not a Collision with a Motor Vehicle in Transport,0,No,1,Non-Junction,1,Not an Intersection,0,,4,On Roadside,1,Daylight,1,Clear,0,No Additional Atmospheric Conditions,1,Clear,0,No,0000000,Not Applicable,18,6:00pm-6:59pm,11,11,18,6:00pm-6:59pm,40,40,88,Not Applicable (Not Transported),88,Not Applicable (Not Transported),0,,0,,0,,1,1
41,Oregon,410223,1,1,0,0,1,1,0,39,LANE (39),0,NOT APPLICABLE,3,3,9,September,2019,3,Tuesday,14,2:00pm-2:59pm,28,28,0,This section IS NOT on the NHS,4,County Road,CR-HAMM RD,,1,Rural,5,Major Collector,2,County Highway Agency,14,14,43.887225,43.887225,-123.2039944,-123.20399444,0,No Special Jurisdiction,16,Thrown or Falling Object,0,The First Harmful Event was Not a Collision with a Motor Vehicle in Transport,0,No,1,Non-Junction,1,Not an Intersection,0,,1,On Roadway,1,Daylight,1,Clear,0,No Additional Atmospheric Conditions,1,Clear,0,No,0000000,Not Applicable,14,2:00pm-2:59pm,30,30,14,2:00pm-2:59pm,49,49,88,Not Applicable (Not Transported),88,Not Applicable (Not Transported),0,,0,,0,,1,0
41,Oregon,410224,1,1,0,0,1,1,0,33,JOSEPHINE (33),0,NOT APPLICABLE,3,3,9,September,2019,3,Tuesday,17,5:00pm-5:59pm,19,19,0,This section IS NOT on the NHS,3,State Highway,SR-260 ODOT 260,,1,Rural,5,Major Collector,1,State Highway Agency,198,198,42.42541944,42.42541944,-123.4719639,-123.47196389,0,No Special Jurisdiction,42,Tree (Standing Only),0,The First Harmful Event was Not a Collision with a Motor Vehicle in Transport,0,No,1,Non-Junction,1,Not an Intersection,0,,4,On Roadside,1,Daylight,1,Clear,0,No Additional Atmospheric Conditions,1,Clear,0,No,0000000,Not Applicable,17,5:00pm-5:59pm,19,19,17,5:00pm-5:59pm,26,26,99,Unknown,99,Unknown EMS Hospital Arrival Time,0,,0,,0,,1,1
41,Oregon,410225,1,1,0,0,1,1,0,65,WASCO (65),0,NOT APPLICABLE,4,4,9,September,2019,4,Wednesday,18,6:00pm-6:59pm,9,9,0,This section IS NOT on the NHS,4,County Road,CR-SEVEN MILE HILL RD,,1,Rural,5,Major Collector,2,County Highway Agency,4,4,45.63600833,45.63600833,-121.2395056,-121.23950556,0,No Special Jurisdiction,35,Embankment,0,The First Harmful Event was Not a Collision with a Motor Vehicle in Transport,0,No,1,Non-Junction,1,Not an Intersection,0,,4,On Roadside,1,Daylight,1,Clear,0,No Additional Atmospheric Conditions,1,Clear,0,No,0000000,Not Applicable,18,6:00pm-6:59pm,11,11,18,6:00pm-6:59pm,20,20,18,6:00pm-6:59pm,46,46,0,,0,,0,,1,1
41,Oregon,410226,2,2,0,0,2,2,0,57,TILLAMOOK (57),0,NOT APPLICABLE,5,5,9,September,2019,5,Thursday,2,2:00am-2:59am,17,17,1,This section IS ON the NHS,2,U.S. Highway,US-101 ODOT 9,,1,Rural,3,Principal Arterial - Other,1,State Highway Agency,530,530,45.57700833,45.57700833,-123.9451222,-123.94512222,0,No Special Jurisdiction,12,Motor Vehicle In-Transport,2,Front-to-Front,0,No,1,Non-Junction,1,Not an Intersection,0,,1,On Roadway,2,Dark - Not Lighted,10,Cloudy,0,No Additional Atmospheric Conditions,10,Cloudy,0,No,0000000,Not Applicable,99,Unknown,99,Unknown,2,2:00am-2:59am,28,28,99,Unknown,99,Unknown EMS Hospital Arrival Time,0,,0,,0,,1,1
41,Oregon,410227,2,2,0,0,3,3,0,17,DESCHUTES (17),0,NOT APPLICABLE,5,5,9,September,2019,5,Thursday,18,6:00pm-6:59pm,40,40,0,This section IS NOT on the NHS,3,State Highway,SR-370 ODOT 370,,1,Rural,4,Minor Arterial,1,State Highway Agency,28,28,44.32283611,44.32283611,-121.1247028,-121.12470278,0,No Special Jurisdiction,12,Motor Vehicle In-Transport,6,Angle,0,No,1,Non-Junction,1,Not an Intersection,0,,1,On Roadway,1,Daylight,2,Rain,0,No Additional Atmospheric Conditions,2,Rain,0,No,0000000,Not Applicable,18,6:00pm-6:59pm,41,41,18,6:00pm-6:59pm,54,54,19,7:00pm-7:59pm,16,16,0,,0,,0,,1,0
41,Oregon,410228,2,2,0,0,3,3,0,5,CLACKAMAS (5),0,NOT APPLICABLE,6,6,9,September,2019,6,Friday,16,4:00pm-4:59pm,24,24,0,This section IS NOT on the NHS,4,County Road,CR-S BARNARDS RD,CR-S DRYLAND RD,1,Rural,5,Major Collector,2,County Highway Agency,32,32,45.172525,45.172525,-122.6610444,-122.66104444,0,No Special Jurisdiction,12,Motor Vehicle In-Transport,6,Angle,0,No,2,Intersection,2,Four-Way Intersection,0,,1,On Roadway,1,Daylight,1,Clear,0,No Additional Atmospheric Conditions,1,Clear,0,No,0000000,Not Applicable,16,4:00pm-4:59pm,28,28,16,4:00pm-4:59pm,49,49,17,5:00pm-5:59pm,12,12,0,,0,,0,,2,0
41,Oregon,410229,1,1,0,0,1,1,0,29,JACKSON (29),0,NOT APPLICABLE,12,12,8,August,2019,2,Monday,3,3:00am-3:59am,18,18,1,This section IS ON the NHS,3,State Highway,SR-238 ODOT 272,,2,Urban,3,Principal Arterial - Other,1,State Highway Agency,368,368,42.34080278,42.34080278,-122.9161639,-122.91616389,0,No Special Jurisdiction,11,Live Animal,0,The First Harmful Event was Not a Collision with a Motor Vehicle in Transport,0,No,1,Non-Junction,1,Not an Intersection,0,,1,On Roadway,2,Dark - Not Lighted,1,Clear,0,No Additional Atmospheric Conditions,1,Clear,0,No,0000000,Not Applicable,3,3:00am-3:59am,18,18,3,3:00am-3:59am,33,33,88,Not Applicable (Not Transported),88,Not Applicable (Not Transported),0,,0,,0,,1,0
41,Oregon,410230,1,1,0,0,1,1,0,35,KLAMATH (35),0,NOT APPLICABLE,7,7,9,September,2019,7,Saturday,4,4:00am-4:59am,11,11,0,This section IS NOT on the NHS,3,State Highway,SR-50 ODOT 50,,1,Rural,5,Major Collector,1,State Highway Agency,183,183,42.01681389,42.01681389,-121.4768222,-121.47682222,0,No Special Jurisdiction,30,Utility Pole/Light Support,0,The First Harmful Event was Not a Collision with a Motor Vehicle in Transport,0,No,1,Non-Junction,1,Not an Intersection,0,,4,On Roadside,2,Dark - Not Lighted,1,Clear,0,No Additional Atmospheric Conditions,1,Clear,0,No,0000000,Not Applicable,4,4:00am-4:59am,12,12,4,4:00am-4:59am,29,29,88,Not Applicable (Not Transported),88,Not Applicable (Not Transported),0,,0,,0,,1,1
41,Oregon,410231,1,1,0,0,2,2,0,29,JACKSON (29),0,NOT APPLICABLE,8,8,9,September,2019,1,Sunday,1,1:00am-1:59am,0,0,0,This section IS NOT on the NHS,4,County Road,CR-MILL CREEK DR,,1,Rural,7,Local,2,County Highway Agency,15,15,42.71593889,42.71593889,-122.5513611,-122.55136111,0,No Special Jurisdiction,42,Tree (Standing Only),0,The First Harmful Event was Not a Collision with a Motor Vehicle in Transport,0,No,1,Non-Junction,1,Not an Intersection,0,,4,On Roadside,2,Dark - Not Lighted,1,Clear,0,No Additional Atmospheric Conditions,1,Clear,0,No,0000000,Not Applicable,1,1:00am-1:59am,16,16,1,1:00am-1:59am,52,52,3,3:00am-3:59am,3,3,0,,0,,0,,1,1
41,Oregon,410232,3,3,0,0,9,9,0,63,WALLOWA (63),0,NOT APPLICABLE,11,11,9,September,2019,4,Wednesday,10,10:00am-10:59am,30,30,1,This section IS ON the NHS,1,Interstate,I-82,,1,Rural,3,Principal Arterial - Other,1,State Highway Agency,371,371,45.60002222,45.60002222,-117.7313,-117.7313,0,No Special Jurisdiction,12,Motor Vehicle In-Transport,6,Angle,0,No,1,Non-Junction,1,Not an Intersection,0,,1,On Roadway,1,Daylight,1,Clear,0,No Additional Atmospheric Conditions,1,Clear,0,No,0000000,Not Applicable,10,10:00am-10:59am,33,33,10,10:00am-10:59am,45,45,99,Unknown,99,Unknown EMS Hospital Arrival Time,0,,0,,0,,1,0
41,Oregon,410233,3,3,0,0,10,10,0,47,MARION (47),0,NOT APPLICABLE,22,22,6,June,2019,7,Saturday,19,7:00pm-7:59pm,0,0,1,This section IS ON the NHS,3,State Highway,SR-22 ODOT 162,,1,Rural,3,Principal Arterial - Other,1,State Highway Agency,394,394,44.75583056,44.75583056,-122.30185,-122.30185,0,No Special Jurisdiction,12,Motor Vehicle In-Transport,8,Sideswipe - Opposite Direction,0,No,1,Non-Junction,1,Not an Intersection,0,,1,On Roadway,1,Daylight,1,Clear,0,No Additional Atmospheric Conditions,1,Clear,0,No,0000000,Not Applicable,19,7:00pm-7:59pm,2,2,19,7:00pm-7:59pm,5,5,99,Unknown,99,Unknown EMS Hospital Arrival Time,0,,0,,0,,1,0
41,Oregon,410234,2,2,0,0,3,3,0,17,DESCHUTES (17),190,BEND,14,14,9,September,2019,7,Saturday,18,6:00pm-6:59pm,34,34,0,This section IS NOT on the NHS,6,Local Street - Municipality,MOUNT WASHINGTON DR,,2,Urban,4,Minor Arterial,4,City or Municipal Highway Agency,0,,44.08783333,44.08783333,-121.3332889,-121.33328889,0,No Special Jurisdiction,1,Rollover/Overturn,0,The First Harmful Event was Not a Collision with a Motor Vehicle in Transport,0,No,1,Non-Junction,1,Not an Intersection,0,,1,On Roadway,2,Dark - Not Lighted,10,Cloudy,0,No Additional Atmospheric Conditions,10,Cloudy,0,No,0000000,Not Applicable,18,6:00pm-6:59pm,36,36,18,6:00pm-6:59pm,43,43,88,Not Applicable (Not Transported),88,Not Applicable (Not Transported),14,"Motor Vehicle struck by falling cargo,or something that came loose from or something that was set in motion by a vehicle",0,,0,,2,1
41,Oregon,410235,2,2,0,0,3,3,0,21,GILLIAM (21),0,NOT APPLICABLE,15,15,9,September,2019,1,Sunday,5,5:00am-5:59am,44,44,1,This section IS ON the NHS,1,Interstate,I-84,,1,Rural,1,Interstate,1,State Highway Agency,1195,1195,45.72748333,45.72748333,-120.556675,-120.556675,0,No Special Jurisdiction,12,Motor Vehicle In-Transport,2,Front-to-Front,0,No,1,Non-Junction,1,Not an Intersection,0,,1,On Roadway,2,Dark - Not Lighted,10,Cloudy,0,No Additional Atmospheric Conditions,10,Cloudy,0,No,0000000,Not Applicable,5,5:00am-5:59am,53,53,6,6:00am-6:59am,22,22,6,6:00am-6:59am,55,55,0,,0,,0,,2,1
41,Oregon,410236,1,1,0,0,1,1,0,41,LINCOLN (41),0,NOT APPLICABLE,17,17,9,September,2019,3,Tuesday,12,12:00pm-12:59pm,0,0,1,This section IS ON the NHS,2,U.S. Highway,US-20 ODOT 33,,1,Rural,3,Principal Arterial - Other,1,State Highway Agency,39,39,44.62451111,44.62451111,-123.9793778,-123.97937778,0,No Special Jurisdiction,42,Tree (Standing Only),0,The First Harmful Event was Not a Collision with a Motor Vehicle in Transport,0,No,1,Non-Junction,1,Not an Intersection,0,,4,On Roadside,1,Daylight,2,Rain,0,No Additional Atmospheric Conditions,2,Rain,0,No,0000000,Not Applicable,99,Unknown,99,Unknown,99,Unknown EMS Scene Arrival Hour,99,Unknown EMS Scene Arrival Minutes,88,Not Applicable (Not Transported),88,Not Applicable (Not Transported),0,,0,,0,,1,0