STATE,STATENAME,ST_CASE,VE_TOTAL,VE_FORMS,PVH_INVL,PEDS,PERSONS,PERMVIT,PERNOTMVIT,COUNTY,COUNTYNAME,CITY,CITYNAME,DAY,DAYNAME,MONTH,MONTHNAME,YEAR,DAY_WEEK,DAY_WEEKNAME,HOUR,HOURNAME,MINUTE,MINUTENAME,NHS,NHSNAME,ROUTE,ROUTENAME,TWAY_ID,TWAY_ID2,RUR_URB,RUR_URBNAME,FUNC_SYS,FUNC_SYSNAME,RD_OWNER,RD_OWNERNAME,MILEPT,MILEPTNAME,LATITUDE,LATITUDENAME,LONGITUD,LONGITUDNAME,SP_JUR,SP_JURNAME,HARM_EV,HARM_EVNAME,MAN_COLL,MAN_COLLNAME,RELJCT1,RELJCT1NAME,RELJCT2,RELJCT2NAME,TYP_INT,TYP_INTNAME,WRK_ZONE,WRK_ZONENAME,REL_ROAD,REL_ROADNAME,LGT_COND,LGT_CONDNAME,WEATHER1,WEATHER1NAME,WEATHER2,WEATHER2NAME,WEATHER,WEATHERNAME,SCH_BUS,SCH_BUSNAME,RAIL,RAILNAME,NOT_HOUR,NOT_HOURNAME,NOT_MIN,NOT_MINNAME,ARR_HOUR,ARR_HOURNAME,ARR_MIN,ARR_MINNAME,HOSP_HR,HOSP_HRNAME,HOSP_MN,HOSP_MNNAME,CF1,CF1NAME,CF2,CF2NAME,CF3,CF3NAME,FATALS,DRUNK_DR
41,Oregon,410336,2,2,0,0,3,3,0,67,WASHINGTON (67),0,NOT APPLICABLE,17,17,9,September,2019,3,Tuesday,11,11:00am-11:59am,34,34,0,This section IS NOT on the NHS,4,County Road,CR-NW GALE CREEK RD,,1,Rural,4,Minor Arterial,2,County Highway Agency,0,,45.55378611,45.55378611,-123.18395,-123.18395,0,No Special Jurisdiction,12,Motor Vehicle In-Transport,2,Front-to-Front,0,No,1,Non-Junction,1,Not an Intersection,0,,1,On Roadway,1,Daylight,98,Not Reported,0,No Additional Atmospheric Conditions,98,Not Reported,0,No,0000000,Not Applicable,11,11:00am-11:59am,34,34,11,11:00am-11:59am,34,34,99,Unknown,99,Unknown EMS Hospital Arrival Time,0,,0,,0,,1,0
41,Oregon,410337,1,1,0,0,2,2,0,3,BENTON (3),0,NOT APPLICABLE,18,18,9,September,2019,4,Wednesday,17,5:00pm-5:59pm,45,45,0,This section IS NOT on the NHS,4,County Road,CR-ALPINE RD,,1,Rural,5,Major Collector,2,County Highway Agency,16,16,44.32684722,44.32684722,-123.3314639,-123.33146389,0,No Special Jurisdiction,1,Rollover/Overturn,0,The First Harmful Event was Not a Collision with a Motor Vehicle in Transport,0,No,1,Non-Junction,1,Not an Intersection,0,,4,On Roadside,1,Daylight,98,Not Reported,0,No Additional Atmospheric Conditions,98,Not Reported,0,No,0000000,Not Applicable,99,Unknown,99,Unknown,99,Unknown EMS Scene Arrival Hour,99,Unknown EMS Scene Arrival Minutes,88,Not Applicable (Not Transported),88,Not Applicable (Not Transported),0,,0,,0,,1,0
41,Oregon,410338,1,1,0,0,1,1,0,39,LANE (39),0,NOT APPLICABLE,20,20,9,September,2019,6,Friday,0,0:00am-0:59am,21,21,0,This section IS NOT on the NHS,4,County Road,CR-SEARS RD,,1,Rural,6,Minor Collector,2,County Highway Agency,10,10,43.80386667,43.80386667,-123.0277389,-123.02773889,0,No Special Jurisdiction,42,Tree (Standing Only),0,The First Harmful Event was Not a Collision with a Motor Vehicle in Transport,0,No,1,Non-Junction,1,Not an Intersection,0,,4,On Roadside,2,Dark - Not Lighted,10,Cloudy,2,Rain,2,Rain,0,No,0000000,Not Applicable,0,0:00am-0:59am,19,19,0,0:00am-0:59am,25,25,88,Not Applicable (Not Transported),88,Not Applicable (Not Transported),0,,0,,0,,1,0
41,Oregon,410339,1,1,0,0,1,1,0,51,MULTNOMAH (51),1650,PORTLAND,21,21,9,September,2019,7,Saturday,17,5:00pm-5:59pm,20,20,0,This section IS NOT on the NHS,6,Local Street - Municipality,SE FLAVEL ST,,2,Urban,5,Major Collector,4,City or Municipal Highway Agency,0,,45.46779444,45.46779444,-122.5285833,-122.52858333,0,No Special Jurisdiction,42,Tree (Standing Only),0,The First Harmful Event was Not a Collision with a Motor Vehicle in Transport,0,No,1,Non-Junction,1,Not an Intersection,0,,4,On Roadside,1,Daylight,10,Cloudy,0,No Additional Atmospheric Conditions,10,Cloudy,0,No,0000000,Not Applicable,99,Unknown,99,Unknown,99,Unknown EMS Scene Arrival Hour,99,Unknown EMS Scene Arrival Minutes,88,Not Applicable (Not Transported),88,Not Applicable (Not Transported),0,,0,,0,,1,1
41,Oregon,410340,1,1,0,0,1,1,0,35,KLAMATH (35),0,NOT APPLICABLE,23,23,9,September,2019,2,Monday,17,5:00pm-5:59pm,25,25,1,This section IS ON the NHS,2,U.S. Highway,US-97 ODOT 4,,1,Rural,3,Principal Arterial - Other,1,State Highway Agency,2500,2500,42.55680278,42.55680278,-121.8837583,-121.88375833,0,No Special Jurisdiction,42,Tree (Standing Only),0,The First Harmful Event was Not a Collision with a Motor Vehicle in Transport,0,No,1,Non-Junction,1,Not an Intersection,0,,4,On Roadside,1,Daylight,98,Not Reported,0,No Additional Atmospheric Conditions,98,Not Reported,0,No,0000000,Not Applicable,17,5:00pm-5:59pm,27,27,17,5:00pm-5:59pm,29,29,99,Unknown,99,Unknown EMS Hospital Arrival Time,0,,0,,0,,1,0
41,Oregon,410342,2,2,0,0,4,4,0,51,MULTNOMAH (51),1650,PORTLAND,28,28,9,September,2019,7,Saturday,15,3:00pm-3:59pm,53,53,0,This section IS NOT on the NHS,6,Local Street - Municipality,NE HALSEY ST,,2,Urban,4,Minor Arterial,4,City or Municipal Highway Agency,0,,45.53363333,45.53363333,-122.5809806,-122.58098056,0,No Special Jurisdiction,1,Rollover/Overturn,0,The First Harmful Event was Not a Collision with a Motor Vehicle in Transport,0,No,1,Non-Junction,1,Not an Intersection,0,,1,On Roadway,1,Daylight,98,Not Reported,0,No Additional Atmospheric Conditions,98,Not Reported,0,No,0000000,Not Applicable,15,3:00pm-3:59pm,54,54,15,3:00pm-3:59pm,57,57,16,4:00pm-4:59pm,16,16,0,,0,,0,,1,0
41,Oregon,410343,1,1,0,0,1,1,0,17,DESCHUTES (17),0,NOT APPLICABLE,28,28,9,September,2019,7,Saturday,18,6:00pm-6:59pm,20,20,0,This section IS NOT on the NHS,8,Other,USFS RD 1018,,1,Rural,7,Local,64,U.S. Forest Service,0,,44.29819444,44.29819444,-121.6729083,-121.67290833,0,No Special Jurisdiction,42,Tree (Standing Only),0,The First Harmful Event was Not a Collision with a Motor Vehicle in Transport,0,No,1,Non-Junction,1,Not an Intersection,0,,4,On Roadside,1,Daylight,98,Not Reported,0,No Additional Atmospheric Conditions,98,Not Reported,0,No,0000000,Not Applicable,5,5:00am-5:59am,17,17,5,5:00am-5:59am,26,26,88,Not Applicable (Not Transported),88,Not Applicable (Not Transported),0,,0,,0,,1,0
41,Oregon,410344,1,1,0,0,1,1,0,67,WASHINGTON (67),1000,HILLSBORO,29,29,9,September,2019,1,Sunday,3,3:00am-3:59am,0,0,1,This section IS ON the NHS,2,U.S. Highway,US-26 ODOT 47,,2,Urban,3,Principal Arterial - Other,1,State Highway Agency,635,635,45.546025,45.546025,-122.8789278,-122.87892778,0,No Special Jurisdiction,99,Reported as Unknown,98,Not Reported,0,No,1,Non-Junction,1,Not an Intersection,0,,98,Not Reported,6,Dark - Unknown Lighting,98,Not Reported,0,No Additional Atmospheric Conditions,98,Not Reported,0,No,0000000,Not Applicable,99,Unknown,99,Unknown,99,Unknown EMS Scene Arrival Hour,99,Unknown EMS Scene Arrival Minutes,88,Not Applicable (Not Transported),88,Not Applicable (Not Transported),0,,0,,0,,1,1
41,Oregon,410345,2,2,0,0,2,2,0,51,MULTNOMAH (51),1650,PORTLAND,30,30,9,September,2019,2,Monday,17,5:00pm-5:59pm,40,40,0,This section IS NOT on the NHS,6,Local Street - Municipality,NE GRAND AVE,NE MULTNOMAH ST,2,Urban,3,Principal Arterial - Other,4,City or Municipal Highway Agency,0,,45.53150556,45.53150556,-122.6606583,-122.66065833,0,No Special Jurisdiction,12,Motor Vehicle In-Transport,6,Angle,0,No,2,Intersection,2,Four-Way Intersection,0,,1,On Roadway,1,Daylight,98,Not Reported,0,No Additional Atmospheric Conditions,98,Not Reported,0,No,0000000,Not Applicable,99,Unknown,99,Unknown,99,Unknown EMS Scene Arrival Hour,99,Unknown EMS Scene Arrival Minutes,99,Unknown,99,Unknown EMS Hospital Arrival Time,0,,0,,0,,1,1
41,Oregon,410346,1,1,0,0,3,3,0,33,JOSEPHINE (33),0,NOT APPLICABLE,5,5,7,July,2019,6,Friday,0,0:00am-0:59am,4,4,0,This section IS NOT on the NHS,4,County Road,CR-DICK GEORGE RD,,1,Rural,7,Local,2,County Highway Agency,9,9,42.11238333,42.11238333,-123.5805972,-123.58059722,0,No Special Jurisdiction,42,Tree (Standing Only),0,The First Harmful Event was Not a Collision with a Motor Vehicle in Transport,0,No,1,Non-Junction,1,Not an Intersection,0,,4,On Roadside,2,Dark - Not Lighted,1,Clear,0,No Additional Atmospheric Conditions,1,Clear,0,No,0000000,Not Applicable,0,0:00am-0:59am,4,4,0,0:00am-0:59am,12,12,99,Unknown,99,Unknown EMS Hospital Arrival Time,0,,0,,0,,1,1
41,Oregon,410347,2,2,0,0,2,2,0,33,JOSEPHINE (33),0,NOT APPLICABLE,27,27,9,September,2019,6,Friday,19,7:00pm-7:59pm,16,16,0,This section IS NOT on the NHS,3,State Highway,SR-99 ODOT 60,,2,Urban,4,Minor Arterial,1,State Highway Agency,35,35,42.42478611,42.42478611,-123.2729667,-123.27296667,0,No Special Jurisdiction,12,Motor Vehicle In-Transport,2,Front-to-Front,0,No,1,Non-Junction,1,Not an Intersection,0,,1,On Roadway,5,Dusk,1,Clear,0,No Additional Atmospheric Conditions,1,Clear,0,No,0000000,Not Applicable,19,7:00pm-7:59pm,10,10,19,7:00pm-7:59pm,16,16,99,Unknown,99,Unknown EMS Hospital Arrival Time,0,,0,,0,,1,1
41,Oregon,410348,2,2,0,2,1,1,2,25,HARNEY (25),0,NOT APPLICABLE,14,14,8,August,2019,4,Wednesday,4,4:00am-4:59am,15,15,1,This section IS ON the NHS,2,U.S. Highway,US-20 ODOT 7,,1,Rural,3,Principal Arterial - Other,1,State Highway Agency,885,885,43.52904722,43.52904722,-119.832425,-119.832425,0,No Special Jurisdiction,12,Motor Vehicle In-Transport,1,Front-to-Rear,0,No,1,Non-Junction,1,Not an Intersection,0,,1,On Roadway,2,Dark - Not Lighted,1,Clear,0,No Additional Atmospheric Conditions,1,Clear,0,No,0000000,Not Applicable,4,4:00am-4:59am,39,39,5,5:00am-5:59am,6,6,88,Not Applicable (Not Transported),88,Not Applicable (Not Transported),23,Indication of a Stalled/Disabled Vehicle,0,,0,,1,0
41,Oregon,410349,1,1,0,0,2,2,0,47,MARION (47),0,NOT APPLICABLE,28,28,9,September,2019,7,Saturday,19,7:00pm-7:59pm,55,55,0,This section IS NOT on the NHS,3,State Highway,SR-214 ODOT 163,,1,Rural,5,Major Collector,1,State Highway Agency,375,375,44.98561944,44.98561944,-122.7362528,-122.73625278,0,No Special Jurisdiction,35,Embankment,0,The First Harmful Event was Not a Collision with a Motor Vehicle in Transport,0,No,1,Non-Junction,1,Not an Intersection,0,,4,On Roadside,2,Dark - Not Lighted,1,Clear,0,No Additional Atmospheric Conditions,1,Clear,0,No,0000000,Not Applicable,20,8:00pm-8:59pm,0,0,20,8:00pm-8:59pm,7,7,20,8:00pm-8:59pm,43,43,0,,0,,0,,1,0
41,Oregon,410350,1,1,0,0,2,2,0,59,UMATILLA (59),0,NOT APPLICABLE,27,27,9,September,2019,6,Friday,2,2:00am-2:59am,35,35,1,This section IS ON the NHS,1,Interstate,I-84,,2,Urban,1,Interstate,1,State Highway Agency,2119,2119,45.66400556,45.66400556,-118.7584972,-118.75849722,0,No Special Jurisdiction,1,Rollover/Overturn,0,The First Harmful Event was Not a Collision with a Motor Vehicle in Transport,0,No,1,Non-Junction,1,Not an Intersection,0,,3,On Median,2,Dark - Not Lighted,1,Clear,0,No Additional Atmospheric Conditions,1,Clear,0,No,0000000,Not Applicable,2,2:00am-2:59am,53,53,3,3:00am-3:59am,14,14,3,3:00am-3:59am,53,53,0,,0,,0,,1,0
41,Oregon,410351,2,2,0,0,2,2,0,71,YAMHILL (71),0,NOT APPLICABLE,13,13,10,October,2019,1,Sunday,22,10:00pm-10:59pm,15,15,1,This section IS ON the NHS,3,State Highway,SR-18 ODOT 39,,1,Rural,3,Principal Arterial - Other,1,State Highway Agency,349,349,45.09895,45.09895,-123.3500028,-123.35000278,0,No Special Jurisdiction,12,Motor Vehicle In-Transport,2,Front-to-Front,0,No,1,Non-Junction,1,Not an Intersection,0,,1,On Roadway,2,Dark - Not Lighted,1,Clear,0,No Additional Atmospheric Conditions,1,Clear,0,No,0000000,Not Applicable,22,10:00pm-10:59pm,17,17,22,10:00pm-10:59pm,24,24,88,Not Applicable (Not Transported),88,Not Applicable (Not Transported),0,,0,,0,,2,1
41,Oregon,410352,2,2,0,0,9,9,0,47,MARION (47),0,NOT APPLICABLE,19,19,10,October,2019,7,Saturday,17,5:00pm-5:59pm,35,35,1,This section IS ON the NHS,3,State Highway,SR-22 ODOT 162,CR-FERN RIDGE RD SE,2,Urban,3,Principal Arterial - Other,1,State Highway Agency,143,143,44.80999722,44.80999722,-122.7750694,-122.77506944,0,No Special Jurisdiction,12,Motor Vehicle In-Transport,6,Angle,0,No,2,Intersection,2,Four-Way Intersection,0,,1,On Roadway,1,Daylight,1,Clear,0,No Additional Atmospheric Conditions,1,Clear,0,No,0000000,Not Applicable,17,5:00pm-5:59pm,27,27,17,5:00pm-5:59pm,30,30,18,6:00pm-6:59pm,12,12,0,,0,,0,,1,0
41,Oregon,410353,1,1,0,1,1,1,1,45,MALHEUR (45),1570,ONTARIO,25,25,2,February,2019,2,Monday,18,6:00pm-6:59pm,58,58,0,This section IS NOT on the NHS,6,Local Street - Municipality,SW 4TH ST,SW 2ND AVE,2,Urban,5,Major Collector,4,City or Municipal Highway Agency,0,,44.02566667,44.02566667,-116.9684972,-116.96849722,0,No Special Jurisdiction,8,Pedestrian,0,The First Harmful Event was Not a Collision with a Motor Vehicle in Transport,0,No,3,Intersection-Related,3,T-Intersection,0,,1,On Roadway,3,Dark - Lighted,1,Clear,0,No Additional Atmospheric Conditions,1,Clear,0,No,0000000,Not Applicable,18,6:00pm-6:59pm,59,59,17,5:00pm-5:59pm,1,1,88,Not Applicable (Not Transported),88,Not Applicable (Not Transported),0,,0,,0,,1,0
41,Oregon,410354,1,1,0,0,2,2,0,33,JOSEPHINE (33),0,NOT APPLICABLE,25,25,3,March,2019,2,Monday,17,5:00pm-5:59pm,42,42,0,This section IS NOT on the NHS,4,County Road,CR-CHENEY CREEK RD,,1,Rural,7,Local,2,County Highway Agency,1,1,42.36211667,42.36211667,-123.4456556,-123.44565556,0,No Special Jurisdiction,1,Rollover/Overturn,0,The First Harmful Event was Not a Collision with a Motor Vehicle in Transport,0,No,1,Non-Junction,1,Not an Intersection,0,,4,On Roadside,1,Daylight,98,Not Reported,0,No Additional Atmospheric Conditions,98,Not Reported,0,No,0000000,Not Applicable,99,Unknown,99,Unknown,99,Unknown EMS Scene Arrival Hour,99,Unknown EMS Scene Arrival Minutes,99,Unknown,99,Unknown EMS Hospital Arrival Time,0,,0,,0,,1,1
41,Oregon,410356,1,1,0,0,1,1,0,35,KLAMATH (35),0,NOT APPLICABLE,3,3,6,June,2019,2,Monday,8,8:00am-8:59am,0,0,0,This section IS NOT on the NHS,4,County Road,CR-SPRAGUE RIVER RD,,1,Rural,5,Major Collector,2,County Highway Agency,101,101,42.46536389,42.46536389,-121.5076528,-121.50765278,0,No Special Jurisdiction,34,Ditch,0,The First Harmful Event was Not a Collision with a Motor Vehicle in Transport,0,No,1,Non-Junction,1,Not an Intersection,0,,4,On Roadside,1,Daylight,1,Clear,0,No Additional Atmospheric Conditions,1,Clear,0,No,0000000,Not Applicable,8,8:00am-8:59am,12,12,8,8:00am-8:59am,25,25,99,Unknown,99,Unknown EMS Hospital Arrival Time,0,,0,,0,,1,0
41,Oregon,410357,1,1,0,0,2,2,0,29,JACKSON (29),0,NOT APPLICABLE,18,18,6,June,2019,3,Tuesday,99,Unknown Hours,99,Unknown Minutes,0,This section IS NOT on the NHS,4,County Road,CR-N APPLEGATE RD,,1,Rural,5,Major Collector,2,County Highway Agency,35,35,42.28706667,42.28706667,-123.2157139,-123.21571389,0,No Special Jurisdiction,1,Rollover/Overturn,0,The First Harmful Event was Not a Collision with a Motor Vehicle in Transport,0,No,1,Non-Junction,1,Not an Intersection,0,,4,On Roadside,9,Reported as Unknown,98,Not Reported,0,No Additional Atmospheric Conditions,98,Not Reported,0,No,0000000,Not Applicable,99,Unknown,99,Unknown,99,Unknown EMS Scene Arrival Hour,99,Unknown EMS Scene Arrival Minutes,99,Unknown,99,Unknown EMS Hospital Arrival Time,0,,0,,0,,1,0
41,Oregon,410358,1,1,0,0,1,1,0,47,MARION (47),0,NOT APPLICABLE,5,5,7,July,2019,6,Friday,18,6:00pm-6:59pm,23,23,1,This section IS ON the NHS,1,Interstate,I-5,,1,Rural,1,Interstate,1,State Highway Agency,2800,2800,45.25143333,45.25143333,-122.7929306,-122.79293056,0,No Special Jurisdiction,1,Rollover/Overturn,0,The First Harmful Event was Not a Collision with a Motor Vehicle in Transport,0,No,1,Non-Junction,1,Not an Intersection,0,,1,On Roadway,1,Daylight,98,Not Reported,0,No Additional Atmospheric Conditions,98,Not Reported,0,No,0000000,Not Applicable,99,Unknown,99,Unknown,99,Unknown EMS Scene Arrival Hour,99,Unknown EMS Scene Arrival Minutes,99,Unknown,99,Unknown EMS Hospital Arrival Time,0,,0,,0,,1,1
41,Oregon,410359,1,1,0,0,1,1,0,67,WASHINGTON (67),0,NOT APPLICABLE,15,15,7,July,2019,2,Monday,15,3:00pm-3:59pm,30,30,0,This section IS NOT on the NHS,4,County Road,CR-NW DIXIE MOUNTAIN RD,,1,Rural,7,Local,2,County Highway Agency,0,,45.65418333,45.65418333,-122.9773167,-122.97731667,0,No Special Jurisdiction,35,Embankment,0,The First Harmful Event was Not a Collision with a Motor Vehicle in Transport,0,No,1,Non-Junction,1,Not an Intersection,0,,4,On Roadside,1,Daylight,1,Clear,0,No Additional Atmospheric Conditions,1,Clear,0,No,0000000,Not Applicable,16,4:00pm-4:59pm,53,53,17,5:00pm-5:59pm,17,17,18,6:00pm-6:59pm,4,4,0,,0,,0,,1,0
41,Oregon,410360,2,2,0,0,2,2,0,31,JEFFERSON (31),1270,MADRAS,29,29,7,July,2019,2,Monday,21,9:00pm-9:59pm,26,26,1,This section IS ON the NHS,2,U.S. Highway,US-97 ODOT 53,NW EARL ST,2,Urban,3,Principal Arterial - Other,1,State Highway Agency,1164,1164,44.65754444,44.65754444,-121.1308361,-121.13083611,0,No Special Jurisdiction,12,Motor Vehicle In-Transport,6,Angle,0,No,2,Intersection,3,T-Intersection,0,,1,On Roadway,3,Dark - Lighted,1,Clear,0,No Additional Atmospheric Conditions,1,Clear,0,No,0000000,Not Applicable,21,9:00pm-9:59pm,27,27,21,9:00pm-9:59pm,31,31,99,Unknown,99,Unknown EMS Hospital Arrival Time,0,,0,,0,,1,0
41,Oregon,410361,1,1,0,0,1,1,0,39,LANE (39),0,NOT APPLICABLE,29,29,7,July,2019,2,Monday,14,2:00pm-2:59pm,0,0,0,This section IS NOT on the NHS,4,County Road,CR-TERRITORIAL HWY,,1,Rural,6,Minor Collector,2,County Highway Agency,99999,Unknown,44.21530278,44.21530278,-123.2472861,-123.24728611,0,No Special Jurisdiction,1,Rollover/Overturn,0,The First Harmful Event was Not a Collision with a Motor Vehicle in Transport,0,No,1,Non-Junction,1,Not an Intersection,0,,4,On Roadside,9,Reported as Unknown,98,Not Reported,0,No Additional Atmospheric Conditions,98,Not Reported,0,No,0000000,Not Applicable,99,Unknown,99,Unknown,99,Unknown EMS Scene Arrival Hour,99,Unknown EMS Scene Arrival Minutes,99,Unknown,99,Unknown EMS Hospital Arrival Time,0,,0,,0,,1,1
41,Oregon,410362,1,1,0,0,1,1,0,33,JOSEPHINE (33),0,NOT APPLICABLE,16,16,8,August,2019,6,Friday,13,1:00pm-1:59pm,20,20,0,This section IS NOT on the NHS,4,County Road,CR-UPPER RIVER RD,,2,Urban,5,Major Collector,2,County Highway Agency,8,8,42.44570556,42.44570556,-123.3678889,-123.36788889,0,No Special Jurisdiction,42,Tree (Standing Only),0,The First Harmful Event was Not a Collision with a Motor Vehicle in Transport,0,No,1,Non-Junction,1,Not an Intersection,0,,4,On Roadside,1,Daylight,98,Not Reported,0,No Additional Atmospheric Conditions,98,Not Reported,0,No,0000000,Not Applicable,99,Unknown,99,Unknown,99,Unknown EMS Scene Arrival Hour,99,Unknown EMS Scene Arrival Minutes,99,Unknown,99,Unknown EMS Hospital Arrival Time,0,,0,,0,,1,0
41,Oregon,410363,1,1,0,1,2,2,1,39,LANE (39),660,EUGENE,23,23,9,September,2019,2,Monday,20,8:00pm-8:59pm,19,19,1,This section IS ON the NHS,6,Local Street - Municipality,RIVER RD,,2,Urban,3,Principal Arterial - Other,4,City or Municipal Highway Agency,0,,44.09397222,44.09397222,-123.1273611,-123.12736111,0,No Special Jurisdiction,15,Non-Motorist on Personal Conveyance,0,The First Harmful Event was Not a Collision with a Motor Vehicle in Transport,0,No,1,Non-Junction,1,Not an Intersection,0,,1,On Roadway,2,Dark - Not Lighted,1,Clear,0,No Additional Atmospheric Conditions,1,Clear,0,No,0000000,Not Applicable,20,8:00pm-8:59pm,19,19,20,8:00pm-8:59pm,24,24,20,8:00pm-8:59pm,40,40,0,,0,,0,,1,0
41,Oregon,410364,1,1,0,0,2,2,0,29,JACKSON (29),0,NOT APPLICABLE,5,5,10,October,2019,7,Saturday,5,5:00am-5:59am,50,50,1,This section IS ON the NHS,3,State Highway,SR-99 ODOT 63,,2,Urban,3,Principal Arterial - Other,1,State Highway Agency,105,105,42.28525278,42.28525278,-122.8300556,-122.83005556,0,No Special Jurisdiction,39,Wall,0,The First Harmful Event was Not a Collision with a Motor Vehicle in Transport,0,No,1,Non-Junction,1,Not an Intersection,0,,4,On Roadside,2,Dark - Not Lighted,1,Clear,0,No Additional Atmospheric Conditions,1,Clear,0,No,0000000,Not Applicable,5,5:00am-5:59am,44,44,5,5:00am-5:59am,50,50,6,6:00am-6:59am,22,22,0,,0,,0,,1,1
41,Oregon,410365,2,2,0,0,2,2,0,9,COLUMBIA (9),0,NOT APPLICABLE,9,9,10,October,2019,4,Wednesday,13,1:00pm-1:59pm,22,22,1,This section IS ON the NHS,2,U.S. Highway,US-30 ODOT 92,,1,Rural,3,Principal Arterial - Other,1,State Highway Agency,375,375,45.87899167,45.87899167,-122.81085,-122.81085,0,No Special Jurisdiction,12,Motor Vehicle In-Transport,2,Front-to-Front,0,No,1,Non-Junction,1,Not an Intersection,0,,1,On Roadway,1,Daylight,1,Clear,0,No Additional Atmospheric Conditions,1,Clear,0,No,0000000,Not Applicable,13,1:00pm-1:59pm,22,22,13,1:00pm-1:59pm,42,42,99,Unknown,99,Unknown EMS Hospital Arrival Time,0,,0,,0,,1,0
41,Oregon,410366,2,2,0,0,4,4,0,51,MULTNOMAH (51),1650,PORTLAND,14,14,10,October,2019,2,Monday,7,7:00am-7:59am,30,30,0,This section IS NOT on the NHS,6,Local Street - Municipality,NE 47TH AVE,NE BROADWAY RD,2,Urban,5,Major Collector,4,City or Municipal Highway Agency,0,,45.53516667,45.53516667,-122.6150306,-122.61503056,0,No Special Jurisdiction,12,Motor Vehicle In-Transport,6,Angle,0,No,2,Intersection,2,Four-Way Intersection,0,,1,On Roadway,1,Daylight,1,Clear,0,No Additional Atmospheric Conditions,1,Clear,0,No,0000000,Not Applicable,99,Unknown,99,Unknown,99,Unknown EMS Scene Arrival Hour,99,Unknown EMS Scene Arrival Minutes,88,Not Applicable (Not Transported),88,Not Applicable (Not Transported),0,,0,,0,,1,0
41,Oregon,410367,1,1,0,0,1,1,0,11,COOS (11),0,NOT APPLICABLE,15,15,10,October,2019,3,Tuesday,99,Unknown Hours,99,Unknown Minutes,0,This section IS NOT on the NHS,4,County Road,CR-SITKUM LN,,1,Rural,5,Major Collector,2,County Highway Agency,213,213,43.16168611,43.16168611,-123.9199194,-123.91991944,0,No Special Jurisdiction,1,Rollover/Overturn,0,The First Harmful Event was Not a Collision with a Motor Vehicle in Transport,0,No,1,Non-Junction,1,Not an Intersection,0,,4,On Roadside,9,Reported as Unknown,98,Not Reported,0,No Additional Atmospheric Conditions,98,Not Reported,0,No,0000000,Not Applicable,99,Unknown,99,Unknown,99,Unknown EMS Scene Arrival Hour,99,Unknown EMS Scene Arrival Minutes,88,Not Applicable (Not Transported),88,Not Applicable (Not Transported),0,,0,,0,,1,1
41,Oregon,410368,1,1,0,0,1,1,0,19,DOUGLAS (19),0,NOT APPLICABLE,16,16,10,October,2019,4,Wednesday,20,8:00pm-8:59pm,34,34,0,This section IS NOT on the NHS,4,County Road,CR-GARDEN VALLEY RD,,1,Rural,4,Minor Arterial,2,County Highway Agency,36,36,43.254075,43.254075,-123.4001583,-123.40015833,0,No Special Jurisdiction,1,Rollover/Overturn,0,The First Harmful Event was Not a Collision with a Motor Vehicle in Transport,0,No,1,Non-Junction,1,Not an Intersection,0,,4,On Roadside,2,Dark - Not Lighted,2,Rain,0,No Additional Atmospheric Conditions,2,Rain,0,No,0000000,Not Applicable,20,8:00pm-8:59pm,34,34,20,8:00pm-8:59pm,40,40,88,Not Applicable (Not Transported),88,Not Applicable (Not Transported),0,,0,,0,,1,0
41,Oregon,410369,2,2,0,0,2,2,0,51,MULTNOMAH (51),1650,PORTLAND,17,17,10,October,2019,5,Thursday,5,5:00am-5:59am,8,8,1,This section IS ON the NHS,6,Local Street - Municipality,N GOING ST,,2,Urban,4,Minor Arterial,4,City or Municipal Highway Agency,0,,45.55593056,45.55593056,-122.6852139,-122.68521389,0,No Special Jurisdiction,1,Rollover/Overturn,0,The First Harmful Event was Not a Collision with a Motor Vehicle in Transport,0,No,1,Non-Junction,1,Not an Intersection,0,,4,On Roadside,2,Dark - Not Lighted,10,Cloudy,0,No Additional Atmospheric Conditions,10,Cloudy,0,No,0000000,Not Applicable,5,5:00am-5:59am,8,8,99,Unknown EMS Scene Arrival Hour,99,Unknown EMS Scene Arrival Minutes,88,Not Applicable (Not Transported),88,Not Applicable (Not Transported),0,,0,,0,,1,0